\c baseball
INSERT INTO teams ( name, imag ) VALUES 
('New York Yankees', 'data:image/png;base64,iVBORw0KGgoAAAANSUhEUgAAANwAAADlCAMAAAAP8WnWAAAAn1BMVEX///8TJEgAADcAADQAADgQIkcAADMOIUYAG0MAGUIAF0EAFUALH0UADz0AET4AEz8ACDsAADDy8/UACjv19vfBxMsAADoyPlvQ0tjn6OvX2d6wtL0ZKUxXX3V3fY5MVW1/hZSnq7WXnKhnboEnNVSOk6A6RWBeZnrg4uaiprHU1tu6vcVOV26IjZvJy9IgL1AAACZudYc6RGAAACsAABy8V8VXAAATy0lEQVR4nNVd6ULiQBImF2eAEFAHETnkEEEd3H3/Z1sSriT9VXdVEx33+zljmq4+6q7qSqVsvL0MSx/zl2D71Vv86zl8E7affthd/utZfAveVm7oOO4fi0/vSp9MuYj3vQNpTtC0+XgZ/WryZu2Wk6C+tvn6zvXWg7KnVBaGEzdIaXP6M5vvH12n+Vs3b3Zfd07wHm0GGFQPB7o6LXlaZSDeuWfSnKBtN0Y92fj2w68TkXf9xoU2pz62G+QrTL/u/7KjOa0GV9ocWyk3Pp7roPebpORgEjlZ+Fu7cV7Ol9Z/KXeCN+Cx3sjR5riWt+a5eR6hs/olMmHr1vK0BQ3Lmb23LmM0nn4FW5n3nALCB8uhlt3MIL6NBlcynt0ibU7D9sbM25lRaq7lzS0Pa1+hzZpZVjbt3Dg9Kz2nPOzaKm1Oe2M5WoG4wPunImHSAbRZS4L8sUzgTcucrQyTLqLN8T8sx5sra+U+lzphAcZw3w4zslKbKzlRcFmofalTZuOlj2mzJ+4qxP81dVPAJ0835dVyyJcGGM3/Bydz5lG02RM3rqPh/GmZ8+bgoxegidx2LFchHu+91KkbEbdqcB63EecQg/6wvHuAB+hMnK1WqGpyJ1R/UleZUowyha2ceyWvcVD9OT3zo6qjzYksZ/JB8t+DnvljNoKDL/4Z7bndsKOIHrPW/yH77h1pyxm0LLnbO9bmjgifyiWCwFBzelLY+ZspMXdZMstRZXgBSlIONcv41ZNGvBzgWp52CYaKW6EISx9K7NN6QYofYCp71zAHW++XjlmmCJ1vd4nFU0/PLG2t1Y2BTzlO9wcshNcHDc9OYCcLXrT8JMX3HMzCOXvXqM2OLbsMTcc9aLjfIA+G+78F6j7auqMZNCx+hFa+Tivmd/fb8iX50msqDq3hp04gVC0supn2rNer6++I/Xx89pHoGhDeoRTRSP470Aw/IfTWtgawFtNqKlrdN+V/sF8vRcOCrTXpK9defAsjeV2c+HMTeDJ25N7V5Bf/kTTmvst7OXMvfCMCAnSiuuJOcMWnSHHInhF4FmecgX2GgfWRj5w0yOXpDIT/5ECbrYtXi8Equ5jhJ/iTuEVMSRwVH1L2r/sttA0/G+ZfIW/KvfDXKN2r+i3B/7d+YVPwZmyJFZf6Ub4Ir963mDlKLPiwiNBj94yXvDUV/dwrPgFNqMdtn6Y3iYYRMNqIe/QA17yGrigN7GEIQ2TjTKthy/ucWZs/M3jYcNLTsAqlr0wYYCPcUzWHSmWcmn1h1H2P7WjDSn8DK/sbaGSKzJ4PeCrbwNE0WJ33OOhWpxbkjfBekPlqEyTtwongF6FeGQaAtoeMvh50IzG/2ZLGWn0HPxh66IMq3zyJ4cYh6f2Vt0WCviMz+j80dpWHudQcWSsRX0nZIO88ugRrRVcP3bHAxnuF23AeaoU/WgCOSWwzAmS4vnqhlmiHGx57FeNQ6zwkEl/u0G6D2WH8QV/31bDVHeFUdHfMX1rovTShgz8bA47AtljX4ONaTfmzuE/yAp67bUwaMSeABU0wBAeG6yaKkSPUV88aZMpHBB4jcP5u8ouSDtd3YJb7PCViCRS4mnpCNrQ16yTJw6ajeaePu6VoYCVscA+I451LFCxWNy6O9J6/eh2pM1cMDd8f4WEjBFjSPKNuC05LTZXf6FbnEPa0a7kyu3wdeGISDLrqyrD4JTLBVbPfEMxNUdXoK0uDk/yMLr68YOs4/PINyIGgr/wZkqQKPDLq+aaT3jlU4ekeqBEojhzfA+duW2HJMzOnS0Dmwc0ZG39EiIOLgOuZ9csYzVplsx3mwrtUku7S4Ky/og0XKFaPtTmtdAlEiGrFb3g3JvSfNpT4gaobRA9yzKmiAZhTuQGDDlRRqtcJz4g+dXecTsQroNZAfBCYPiZ7HGVnqPnfI868Gp7BuNszGabTgKboWpElplxuZA+o/OqTsXHe2ih3xrpUkCx8tExvCk+CrtwrkO2omlU6C/P8kcvRhr5YgvyAKnJMTpSN0DuMkS6savj6/JQEXV5ZmsGeu6LWBXxJVaW0BRSvQPqomheUFvn14IapCfeoCnjtFCU4cDVXYQ/0RVV6QCdEFrRiomBrTKI5IZqqH6s6mCbeM4SGnHIgsNf3Cp1KqeCdyzKr6iVW56sRdVPAvVQBjs5uFiYJUADPOnBgLFm9/GRx7gDdJTX5G+kwGfjCFMG4yWUq9wqTulNmjALOKVAsFZiAn9pT2RFXfHEs8hRAhVbNuntC3QvAEqqOWH16Sv1LShsZl1LRVCSuqmAS3lmUdwIWi4yVJwg6NsEQQ+rjFZ2iiFGNzxCvLnKdgHWgYuUp7PK6oZ8UIiqmnCyUSUMnPFKGg7ZygmOdYGpZZvHtTQ7MC4r1Gip3g1oKkl4gHLvVyKWgZRmAHLSw7Qv+tSBoVBUn8NSbcYcUIWC4o8KsM1jKMgT2WgQLsKPVvMak7gkIRKKrhFzUGscQFZXhAA5b30/BOckrQCp/U5VhaMUACwK56c8g4mkswMiN41fWgDfnqAP6kmLG7IAShBQ15LE9wba7xREw8BCNYMZXrk5KzSkpzhsyY+R9V6XmBdjByAWcQbJeX+CSZ80OoA0WCrPQugVdMAdaytUlMXcAdHZSZeoB2GEZfyjImcqfIdUdcUAHuVtoPfDWnLA/aGj/7iAnUIgyus4fKB85bR/5DYBDT5eEaVt1cgU6FKmSHz+B6XW/zuIM3JSsIEfhARyqpOuyrLsIXACjS2GFoq5eO5luIGcmyAho6PCBjH1JOuN6dulDWdSBcnv0s8YB2NXaWZEFC35VrR6RuogNdtLvdZscOALlm53iUkNE3VkkqN7ZTLAOzhjbRaR+YpP+XgTKXz1b1sMQZo/sEmUW3ZXOSVjAG4f718WkLRfdfiqRl/V6gIbo3jnN4E9SPwgUbPeow0MB04WeENIKFyWWkUA+w4snMnZgRlt1iQ2a49ZB+UIE8lSHzAm388oEaAuuGb6QZzpBtBrOwWUN+smqgLNApqzMSm9tkQfYgvb17mPqnNAfIxK6U0odJ8rmQQuRI6Tp4QTU/is5X128gBkUkJOmsg7yP8pxS5X32Fb8FvGornRuKrnsThOaz9iEobJx4BF2yrpyFRhqd7P/P1ixvS2HDX2C/9whfpvywVn3ASoCyOOCijvhOjmhB8Yh7IEEROlvcF+GlEsASjWKIYI1N3JCwCcihwPCrWcI1wrwR1WCFd0HdG0TgIxPDgkZXoZieQQoTVedWUsqn50DXGlSoa05294PAGoqAfCdbtjpRwpoD90bQZxdO14IVYlHYmbb40YXiqD7BVIl/6UxS6QmQLX1T7FqiwkNd6D8etbdqVSoCl4NKhRDx5TuCQErKo+gnAzVsiQBOhwBqEOpJOJcH+DF0CRCU3qzVxptiGd1iAm9yEVCokxTIKohibW1QqwyQpda7blUJECH3oU4vHNEMNMOKnH0od+6MraiTTAiiCtPhleQK0vDrl5rIrZCCvCUOHws62U2eVZ1c50hPJiYspky0PtCZpg4m94IJFT7Um/lP7Pj6Y6rLZQmuCWZ2GID1akOMoeyGHlMbcWQJfwTxIEkSkNM8zHgmeeGehhCiH8zccbm2IMxJyuZqC25gMhk+O5jaY5GL6vmownKyHIg3JalEvegcktGxPajaZIJpo2jrAJh8wA9VIOOQ1wl3hk6sGlU5iMIew673i2hOo+Z1ftzbW83c4spwhIv9bUmVWx5zOplXW6TExqrmAgfSpnEAcWZa1ANtM6H1sSQugV+uWziwOEgrYIiiC4nJzSeDMebIK7EOwd4lpo5SECTI5MgNPROasA7Wya3VPUEvrWovXQJ9F2vcNJ9mXJOzQciigMBjB1anWilub843l+mVaDGkfi5gIO60TKvN2h1B1WMlBfASqCeDYEpXDO7HWo9suqBaN5TSkD8CPVWC84FEdfJwx8TDArbPBa97iiAwiUy5KSCl+XeDLE+R3hl/bJoQz8gCGxyahadRCbAIQn9q1cacSAoLuiNzqpddxIXH/L6EM2Py3OnA3bMMgqOUM0lCvBNvQB33bopRzYL0FNT0KZZr3/lUL9XvUX48zISv1KAbOzANX92hrZYpTiu+qAEztWw7aqvADhpJL1+qWQLDEUmgAvvlKh/ASVBIkQp4gjx1/rMn3js/ypNioN0ZcnCEdmgweIekxfmo6ZYFgibFJJAtceSI4+ySg/obD762H+U7yCLkzXKykNBCpCk7TtBXH9WGewIi6GaZStYCShJFqDJSYYmUtNSNWBD5Ai4GdUVN4svSRagC60ray8CGy2nzX98woZ6++pcwUWd5djiqO+k6DoT5W/+UV4Pxtj511yc1w87nQVt/DRAPhDRyM94by48cYO97vXwJBKIErNS7AJUNCs6E1O8c9dgw0eEc23rJ+qIfqwlqM4gqU2YnES4vzLRy/gLaiGhf/wTLCht32zKTQ2Z+SI+TBCXc1njBI8wSncHK2BlpLahGnwRs6QeScpX6M6h27yWUocjPbeUq54Ae/QGdckQRH55YYFwVlzYGpJ14my3MAkopGSJEpg4RX96a8Kk9TCm+k7c3i4e+p46ImOK2Dll4YewuKS+wO3qpLMAwN22fFEbemLn6sqpwin8zdV3WT24zamgPTNNHAo2wCT3zhr3eHaqt106/DyCtOE7JA67VdfoGkTv2MckO0DqvCAXF2aV4UGIFYLUNWCdxa26M+g06oidM1iIU2GiF36Bwm21BZQrW8aDsW6J84hl1Mnfj8mAcO2I9BPK5KEVDNT4AeMW/94jjkcbE2NuJE7z1A9/DCOw7BRHNbElrpvYFzcZtWf9ohlsOObIizGwD0Unggf6Pl9X2BfRUQ2pyPZrBLD3S6tfDNvMsJexpSsFVNqfLpdwHGxr6j0VuB5ZhW1VLtU2WeyZgUXhJk2AesioAF1Jgg7UuRdnJmGBYlJzlqzGvWQ1qB5k5x9x/RMOYRl1OOOzCcfZWHlSqJChts0oBM4BMmeSsFimld0DG44lkLePwTFxM3G81wXyLMV13Sjy3f8sK8te9J90V9v3UfHskuFQuSqOAxmMHCAWU2nmVIrVZPIUfk1Ws4MgC9OT/+GGTsG6otsmyw859qlyEpxYXSiLlvPk2B9z7o8bSU7ovrMrPkNOPzQis8IT4HQEVvYWJ8ujGAedHJ/BmHvLiTurDDr+tp8nju7+KL9yRGIbi7hHTrlaocT8StzInVRG7sPQyxNHJyDIcwEHmKXz8u44L1+08lt3Ie499r14588LxGkalctjfuAJg5Q4nq/C1MA5Qf6h4StxlV37uVMdFojTZI7IjV8imZRJHGwzpR0qQ9woahwsqzxxpIyTOtKPxOHRuF6mKYNj5l7SyRA3qAaHk5YnTsOjtCWYGESHJK7+PWB0qc+9zrX6mxK3/Ds9WFueN6i8/m1d/1fTTzLbnocLomCFrTeNGOXLnQxPGc3Tm/NnfhB3j/MDi4jnGZNWp9NJDdUKWWrEVwo5uWPc94F1r6jA/pMGEEVifOcOp+VyrclT53Xqqk0FM1FXIPBcEVk6+ZmxDsK7jjvZRI1GRBk7n7hXzusJfYZ2oS9xsGnUgSPatMcZgPAx5uGaPQTacQL2E44ZEDk2/JKSJLWOZdmZqNOfAKmvOQVxY0RxMKqzWYE6Q56k5k1Fx0qEkypBEAhCh6xbd7h32ic7cRe8C6wcvNSQoo7u5md5UjSaGr3e0ctLG34CetmlkN1f/KozGvWByv+BT/hmILfCNeVzoA2+BhzTJ0VYXUPDJW4bmFIkp41u4cit6D2CbHOpouHugZJI5A5eF8WmKTSpGcryeAfsBxuTHGlVkTKyJBvlKyZXXJiLwBLkR3SBKoYDFhnYFCqQLWGdvsxhAVMjIVqANvMLbzaSgK41lqYUcgOSTdR7yfxAlE36Jl0ZKD3kdJvx/JpBhZzuLn+GRaRPZ4sJO95SApND28E2MTCUgGqwqYHuYRZpkjJKtubSdhBJhr2zMMOJx29SSK8wkXGbm6HGSHzWGnMWtUHorasLpFkkZn7Z1prj2tQkizIFPYeTOnhhunUGkYFFvWi0nOZUSpvOSejIo/VE3cwZvtEgG9PUyXuQqO995eHJskHpBzUSmEzVBC+0SiF1yG5MCQnCrcOpreeFYi092bNYmpgam2PaQuFSo09Cj8l6qZ7FjE5fOazNjg+hlkJKzcDQMSaDGaZOKHQ5Pn7hC2vUpQslLoI72H5TlgzOfGXXl6wYFTCqiZb9NQRHSmaHMzsyhJ+SJYOtVa5lhEyA9puyFiQTrm2JXyWnRgUrpldLMJT2m6LcxjG/47Hy1qcGwCHDfo06h5GbZ7ySLKsx//kC8NanZk4KR6laVtE9hrl14rPt+IH/8ISMuqLNWQPvRjMxWGcDEOyGTXct7qPPZ/TZ65Y3OevtWyrh573rDeYSN/uv128IG8S3HpgML+e16C6sk9NTPC4unIFfEfg22z9Enh+1GoxMhAS1ul/lqT/Zan87VpLD/qyuyEI8g9eP0ft+9eR7ruv6Ubvd7rQOaDbqKRqNZqvVbSe5kYf/Xqzftzz/zJVdBnSrMAG2neNq2XaAG76+3Y02m/nyfTqdPu/X491u/PLy8jydLuez7cfbq0QEX7zqYXRbfdkZ8cS9hbhScfbxtp5uu24ZbPy6ZeSxbBy1y8AtsdVeZbjyg19BXFrgqenMZ4dN1C9ztWyRZKa2nsp5nC2DeFdiY0J7LEJvfXPxO8AND0CXh5Wh1/r/NZ6tuOT/AFN5TFiZ3bhBAAAAAElFTkSuQmCC'),
('New York Mets', 'https://upload.wikimedia.org/wikipedia/en/thumb/7/7b/New_York_Mets.svg/1200px-New_York_Mets.svg.png'),
('Boston Red Sox', 'https://s.yimg.com/cv/apiv2/default/mlb/20211123/500x500/Boston-Red-Sox_wbg.png'),
('Los Angels Dodgers', 'https://upload.wikimedia.org/wikipedia/commons/thumb/8/8b/Los_Angeles_Angels_of_Anaheim.svg/1200px-Los_Angeles_Angels_of_Anaheim.svg.png'),
('Atlanta Braves', 'https://s.yimg.com/cv/apiv2/default/mlb/20190319/500x500/braves_wbgs.png'),
('Washington Nationals', 'https://upload.wikimedia.org/wikipedia/commons/thumb/a/a3/Washington_Nationals_logo.svg/1200px-Washington_Nationals_logo.svg.png'),
('St. Louis Cardinals', 'https://upload.wikimedia.org/wikipedia/en/thumb/9/9d/St._Louis_Cardinals_logo.svg/1200px-St._Louis_Cardinals_logo.svg.png'),
('Baltimore Oriolies', 'https://cdn.shopify.com/s/files/1/2077/8347/products/WCLOTG_media_Baltimore_20Orioles_1024x1024.jpg?v=1629006948'),
('Tampa Bay Rays', 'https://m.media-amazon.com/images/I/71XFeJn7QWL._SX679_.jpg'),
('Chicago White Sox', 'https://logos-world.net/wp-content/uploads/2020/05/Chicago-White-Sox-Logo-700x394.png'),
('Cleveland Guardians', 'https://ftw.usatoday.com/wp-content/uploads/sites/90/2021/07/n4fWCu.jpg?w=1000&h=600&crop=1'),
('Detroit Tigers', 'https://www.pngitem.com/pimgs/m/108-1084015_detroi…tigers-circle-logo-detroit-tigers-logo-vector.png'),
('Kansas City Royals', 'https://i.pinimg.com/originals/49/f4/ed/49f4ede3a33beb7997bc72b45ce018f3.jpg'),
('Minnesota Twins', 'https://pixy.org/src/94/thumbs350/947322.jpg'),
('Chicago Cubs', 'https://i.etsystatic.com/16901505/r/il/638115/1932889911/il_1588xN.1932889911_4max.jpg'),
('Cincinnati Reds', 'https://1000logos.net/wp-content/uploads/2018/06/Cincinnati-Reds-Logo-1024x640.png'),
('Miami Marlins', 'https://logos-world.net/wp-content/uploads/2020/05/Miami-Marlins-Logo-700x394.png'),
('Pittsburgh Pirates', 'https://pancreasfoundation.org/wp-content/uploads/2018/04/Pittsburgh_Pirates_MLB_Logo-768x598.png');

INSERT INTO group_dev ( name, team_id, nickname, imag, born, city, state, country, age, height, weight, current_team, salary, number, education, spouse, parents, children, siblings, position, bats, throws, stats, about ) VALUES 
('Aaron Judge', 1, null, 'https://a.espncdn.com/i/headshots/mlb/players/full/33192.png', 'April 26, 1992', 'Linden', 'CA', 'USA', 29 , '6`7, (201cm)', '282 lbs, (127kg)', 'New York Yankees', '10.18 million USD (2021)', 99, 'Linden High School, California State University, Fresno', null, null, null, 'John Judge', 'Rightfielder', 'Right', 'Right', 1,'Aaron James Judge is an American professional baseball right fielder for the New York Yankees of Major League Baseball. Judge was unanimously selected as the American League Rookie of the Year in 2017 and finished second in voting for the AL Most Valuable Player Award.'),
('Josh Adam Donaldson', 1, null, 'https://twinsdaily.com/uploads/f0b32dbf4deea115940542e885335027.jpg', 'December 8, 1985', 'Pensacola', 'FL', 'USA', 36, '6`1, (185cm)', '210 lbs, (95kg)', 'New York Yankees', '21 million USD (2020)', 28, 'Pace High School, Auburn University, Faith Academy', 'Briana Miller', 'Levon Donaldson, Lisa French', null, null, 'Third Baseman', 'Right', 'Right', 2, 'Joshua Adam Donaldson is an American professional baseball third baseman for the New York Yankees of Major League Baseball. He previously played for the Oakland Athletics, Toronto Blue Jays, Cleveland Indians, Atlanta Braves, and Minnesota Twins.'),
('Albertín Aroldis Chapman de la Cruz', 1, null, '	https://www.pitcherlist.com/wp-content/uploads/2022/02/Aroldis-Chapman.png', 'February 28, 1988', 'Holguin', null, 'Cuba', 34, '6`4, (195cm)', ' ,(kg)', 'New York Yankees', '15 million USD (2020)', 54, null, null, 'Juan Alberto Chapman Benett, Maria De La Cruz', 'Atticus Grabiel Chapman, Ashanty Brianna Chapman, Angelina Chapman', null, 'Pitcher', null, null, 3, 'Albertín Aroldis Chapman de la Cruz is a Cuban-born American professional baseball relief pitcher for the New York Yankees of Major League Baseball. He previously played in MLB for the Cincinnati Reds and Chicago Cubs and in the Cuban National Series for Holguín.'),
('Aaron John Boone', 1, null, 'https://i.pinimg.com/474x/ac/0b/5f/ac0b5f8effe713610df9d55458c56735.jpg', 'March 9, 1973', 'La Mesa', 'CA', 'USA', 49, '6`2, (188cm)', ', (kg)', 'New York Yankees', null, null, null, 'Laura Cover (m.)2002', 'Bob Boone, Susan G. Roel', 'Brandon Boone, Sergot Boone, Jeanel Boone', 'Bret Boone', 'Infielder', null, null, 4, 'Aaron John Boone is an American baseball manager and former infielder who is the manager of the New York Yankees in Major League Baseball. He previously played in MLB for 13 seasons from 1997 through 2009.'),
('Maxwell Martin Scherzer', 2, 'Brown Eye', 'https://a.espncdn.com/combiner/i?img=/i/headshots/mlb/players/full/28976.png', 'July 27, 1984', 'Chesterfield', 'MO', 'USA', 37, '6`3, (192cm)', ', (kg)', 'New York Mets', '15 million USD (2016)', 21, '`Parkway Central High School`, `University of Missouri`', 'Erica May-Scherzer (m. 2013)' , 'Brad Scherzer, Jan Scherzer', null, null, 'Pitcher', null, null, 5, 'Maxwell Martin Scherzer is an American professional baseball pitcher for the New York Mets of Major League Baseball. He previously played in MLB for the Arizona Diamondbacks, Detroit Tigers, Washington Nationals and Los Angeles Dodgers.'),
('Jacob Anthony deGrom', 2, 'The deGrominator', 'https://www.statscrew.com/images/bio_photos/baseball/594798.jpg', 'June 19, 1988', 'DeLand', 'FL', 'USA', 33, '6`4, (193cm)', '185 lbs, (83kg)', 'New York Mets', '33.5 million USD (2022)', 48, 'Stetson University, Christian Academy', 'Stacey Harris (m. 2014)', null, null, null, 'Pitcher', 'Left', 'Right', 6, 'Jacob Anthony deGrom, nicknamed `The deGrominator`, is an American professional baseball pitcher for the New York Mets of Major League Baseball. Prior to playing professionally, deGrom attended Stetson University and played college baseball for the Stetson Hatters.'),
('Christopher M. Bassitt', 2, 'C Bass', 'https://a.espncdn.com/combiner/i?img=/i/headshots/mlb/players/full/33148.png', 'February 22, 1989', 'Curtice', 'OH', 'USA', 33, null, null, 'New York Mets', '510,000 USD (2016)', null, 'Genoa Area High School', null, null, null, 'Matt Bassitt', 'Pitcher' , null, null, 7, 'Christopher M. Bassitt is an American professional baseball pitcher for the New York Mets of Major League Baseball. He made his MLB debut with the Chicago White Sox in 2014 and played for the Oakland Athletics from 2015 to 2021.'),
('William Nathaniel Showalter III', 2, 'Buck', 'https://jewishvues.com/wp-content/uploads/2021/12/getting-to-know-SHOWALTER.jpg', 'May 23, 1956', 'DeFuniak Springs', 'FL', 'USA', 65, '5`10, (155cm)', ', (kg)', 'New York Mets', null, null, null, 'Angela Showalter` (m. 1983)', 'William Nathaniel Showalter, Lina Carrie Showalter', 'Nathan Showalter, Allie Showalter', null, 'Team Coached', null, null, 8, 'William Nathaniel `Buck` Showalter III is an American professional baseball manager for the New York Mets of Major League Baseball. Previously, he served as manager of the New York Yankees, Arizona Diamondbacks, Texas Rangers, and Baltimore Orioles.'),
('Trevor John Story', 3, 'True', 'https://a.espncdn.com/combiner/i?img=/i/headshots/mlb/players/full/32150.png', 'November 15, 1992', 'Irving', 'TX', 'USA', 29, '6`2, (188cm)', null, 'Boston Red Sox', '17.5 million USD (2021)', 10, 'Irving High School, Louisiana State University', null, 'Teddie Story, Ken Story', null, 'Tyler Story', 'Shotstop', null, null, 9, 'Trevor John Story is an American professional baseball second baseman for the Boston Red Sox of Major League Baseball. He has previously played in MLB for the Colorado Rockies. He made his MLB debut in 2016.'),
('Enrique Javier Hernández', 3, 'Kike', 'https://images.fantasypros.com/images/players/mlb/5522/headshot/250x250.png', 'August 24, 1991', 'San Juan', null, 'Puerto Rico', 30, '5`11, (155cm)', ', (kg)', 'Boston Red Sox', '520,000 USD (2016)', 5, null, 'Mariana Vicente (m. 2018)', 'Enrique Hernández Sr., Monica Gonzalez', null, null, 'Second Baseman', null, null, 10, 'Enrique Javier `Kike` Hernández is a Puerto Rican professional baseball utility player for the Boston Red Sox of Major League Baseball. He previously played in MLB for the Houston Astros, Miami Marlins and Los Angeles Dodgers.'),
('Jackie Bradley Jr.', 3, 'JBJ', 'https://b.fssta.com/uploads/application/mlb/headshots/5360.png', 'April 19, 1990', 'Richmond', 'VA', 'USA', 32, '5`10, (155cm)', '200 lbs, (kg)', 'Boston Red Sox', '6.1 million USD (2018)', 19, 'Prince George High School, University of South Carolina', 'Erin Helring (m. 2013)', 'Jackie Bradley, Sr, Alfreda Hagans', 'Emerson Bradley', null, 'Center Fielder', null, null, 11, 'Jackie Bradley Jr., nicknamed `JBJ`, is an American professional baseball right fielder for the Boston Red Sox of Major League Baseball. He previously played for the Milwaukee Brewers. Listed at 5 feet 10 inches and 200 pounds, he bats left and throws right-handed.'),
('Jose Alexander Cora', 3 , null, 'https://marriedbiography.com/wp-content/uploads/2020/02/Alex-Cora.jpg', 'October 18, 1975', 'Caguas', null, 'Puerto Rico', 46, null, null, 'Boston Red Sox', null, 20, null, 'Nilda Cora', null, 'Camila Cora, Jeriel Cora', 'Joey Cora', 'Team Coached / Infielder', null, null, 12, 'Jose Alexander Cora is a Puerto Rican baseball manager and former infielder who is the manager of the Boston Red Sox in Major League Baseball. He previously played in MLB for 14 seasons with the Red Sox, Los Angeles Dodgers, Cleveland Indians, New York Mets, Texas Rangers, and Washington Nationals.'),
('Frederick Charles Freeman', 4, 'Phillip', 'https://b.fssta.com/uploads/application/mlb/headshots/4791.png', 'September 12, 1989' , 'Fountain Valley', 'CA', 'USA', 32, '6`5, (198cm)', null, 'Los Angels Dodgers' , '12 million USD (2016)', 5, 'El Modena High School', 'Chelsea Freeman, (m.2014)', null, 'Maximus Turner Freeman, Brandon John Freeman, Frederick Charles Freeman II', null, 'First baseman', null, null, 13, 'Frederick Charles Freeman is an American professional baseball first baseman for the Los Angeles Dodgers of Major League Baseball. Previously, Freeman played for the Atlanta Braves for 12 seasons. He made his MLB debut in 2010 and is a five-time MLB All-Star.'),
('Trevor Andrew Bauer', 4, null, 'https://www.statscrew.com/images/bio_photos/baseball/545333.jpg', 'January 17, 1991', 'North Hollywood', 'CA', 'USA', 31, '6`1, (185cm)', '205 lbs, (92kg)', 'Los Angels Dodgers', '28 million USD (2021)', 27, 'University of California, Los Angeles, Hart High School', null, 'Warren Bauer, Kathy Bauer', null, null, 'Pitcher', null, null, 14, 'Aaron James Judge is an American professional baseball right fielder for the New York Yankees of Major League Baseball. Judge was unanimously selected as the American League Rookie of the Year in 2017 and finished second in voting for the AL Most Valuable Player Award.' ),
('Cody James Bellinger', 4, null, 'https://a.espncdn.com/i/headshots/mlb/players/full/33912.png', 'July 13, 1995', 'Scottsdale', 'AZ', 'USA', 26, '6`4, (193cm)', '203 lbs, (92kg)', 'Los Angels Dodgers', '16.1 million USD (2021)', 35, 'Hamilton High School', null, 'Clay Bellinger, Jennifer Bellinger', null, 'Cole Bellinger, Ashli Bellinger', 'Outfielder & First Baseman', 'Left', 'Left', 15, 'Cody James Bellinger is an American professional baseball outfielder and first baseman for the Los Angeles Dodgers of Major League Baseball. He was selected by the Dodgers in the fourth round of the 2013 MLB draft, and debuted with the team in 2017.'),
('David Ray Roberts', 4, 'Doc','https://dodgersway.com/wp-content/uploads/getty-images/2021/06/1321372628.jpeg', 'May 31, 1972', 'Naha', 'Okinawa', 'Japan', 49, '5`10, (cm)', ', (kg)', 'Los Angels Dodgers', null, null, null, 'Triacia Roberts (m. 1997)', 'Eiko Roberts, Waymon Roberts', 'Cole Roberts, Emmerson Roberts', null, 'Team Coached & Manager', null, null, 16, 'David Ray Roberts, nicknamed `Doc`, is a Japanese-born American professional baseball manager and former outfielder who is the manager of the Los Angeles Dodgers of Major League Baseball.'),
('Matthew Kent Olson', 5, null, 'https://content.mlb.com/images/headshots/current/60x60/621566@3x.png', 'March 29, 1994', 'Atlanta', 'GA', 'USA', 28, '6`5, (cm)', ', (kg)', 'Atlanta Braves', null, 28, 'Parkview High School', null, null, null, null, 'First Baseman', 'Left', 'Right', 17, 'Matthew Kent Olson is an American professional baseball first baseman for the Atlanta Braves of Major League Baseball. He previously played for the Oakland Athletics. Olson made his MLB debut with Oakland in 2016.'),
('Ronald José Acuña Blanco Jr.', 5 , null, 'https://b.fssta.com/uploads/application/mlb/headshots/8767.vresize.350.350.medium.29.png', 'December 18, 1997', 'La Guaira', null, 'Venezuela', 24, '6`0, (183cm)', '205 lbs, (92kg)', 'Atlanta Braves', null, 13, null, null, 'Ronald Acuña, Leonelis Blanco', null, 'Luisangel Acuna', 'Outfielder', 'Right', 'Right', 18, 'Ronald José Acuña Blanco Jr. is a Venezuelan professional baseball outfielder for the Atlanta Braves of Major League Baseball. He made his MLB debut in 2018, and won the National League Rookie of the Year Award.'),
('James Dansby Swanson', 5, null, 'https://secure.milb.com/images/621020/generic/180x270/621020.jpg', 'February 11, 1994', 'Kennesaw', 'GA', 'USA', 28, '6`1, (185cm)', '190 lbs, (86kg)', 'Atlanta Braves', '507,500 USD (2016)', 7, 'Vanderbilt University, Marietta High School','Mallory Pugh (2021-)', null, null, 'Chase Swanson, Lindsey Swanson','Shortstop', 'Right', 'Right', 19, 'James Dansby Swanson is an American professional baseball shortstop for the Atlanta Braves of Major League Baseball. The Arizona Diamondbacks selected him first overall in the 2015 MLB Draft. Born in Kennesaw, Georgia, to two former college athletes from Troy University, Swanson grew up supporting the Braves.'),
('Brian Gerald Snitker', 5, null, 'https://alchetron.com/cdn/brian-snitker-f4fc7a30-27b0-4464-8554-223647b0048-resize-750.jpg','October 17, 1955', 'Decatur', 'IL', 'USA', 66, null, null, 'Atlanta Braves', null, null, 'Lincoln College, The University of New Orleans, Meridian High School', 'Ronnie Snitker', 'Katherine Snitker', 'Troy Michael Snitker', null, 'Team Coached', null, null, 20, 'Brian Gerald Snitker is an American professional baseball coach and former player who is the manager of the Atlanta Braves of Major League Baseball. Snitker has been in the Braves organization in different roles since playing in their minor league organization from 1977 to 1980. He became their manager in 2016.'),
('Juan José Soto Pacheco', 6, 'Childish Bambino', '	https://gossipgist.com/uploads/27130/soto.png', 'October 25, 1998', 'Santo Domingo', null, 'Dominican Republic', 23, '6`2, (cm)', '224 lbs, (kg)', 'Washington Nationals', null, 22, null, null, 'Belkis Pacheco, Juan Jose Soto', null, null, 'Left Fielder & Outfielder', 'Left', 'Left', 21, 'Juan José Soto Pacheco, nicknamed "Childish Bambino", is a Dominican professional baseball outfielder for the Washington Nationals of Major League Baseball. Soto signed with the Nationals as an international free agent in 2015. He made his MLB debut in 2018 and was the runner-up for the NL Rookie of the Year Award.'),
('Stephen James Strasburg', 6, 'Stras', 'https://a.espncdn.com/combiner/i?img=/i/headshots/mlb/players/full/30373.png', 'July 20, 1988','San Diego', 'CA', 'USA', 33, '6`5, (cm)', ', (kg)', 'Washington Nationals', '35 million USD (2020)', 37, 'West Hills High School, San Diego State University', 'Rachel Lackey (m. 2010)', null, null, null, 'Pitcher', null, 'Right', 22, 'Stephen James Strasburg is an American professional baseball pitcher for the Washington Nationals of Major League Baseball. Strasburg was selected by Washington with the first overall pick in the 2009 Major League Baseball draft. He made his major league debut in 2010 and is a three-time All-Star.'),
('Nelson Ramón Cruz Martínez Jr.', 6, null, 'https://a.espncdn.com/combiner/i?img=/i/headshots/mlb/players/full/6242.png&w=350&h=254', 'July 1, 1980', 'Las Matas de Santa Cruz', null, 'Dominican Republic', 41, '6`2, (188cm)', '230 lbs, (104kg)', 'Washington Nationals', '14 million USD (2016)', 23, null, 'Solani Genao (m. 2009)', 'Dominga Cruz, Nelson Cruz Sr.', 'Giada Cruz, Nelson Cruz Jr.', null, 'Rightfielder', 'Right', 'Right', 23, 'Nelson Ramón Cruz Martínez Jr. is a Dominican-American professional baseball designated hitter and right fielder for the Washington Nationals of Major League Baseball. He has previously played in MLB for the Milwaukee Brewers, Texas Rangers, Baltimore Orioles, Seattle Mariners, Minnesota Twins, and Tampa Bay Rays.'),
('David Martinez', 6, null, 'https://calltothepen.com/wp-content/uploads/getty-images/2018/08/1158757861.jpeg', 'September 26, 1964', 'Brooklyn', 'NY', 'USA', 57, '5`10, (cm)', ', (kg)', 'Washington Nationals', null, null, 'Valencia College, West Campus, Lake Howell High School', 'Lisa Martinez', null, 'David Joshua Martinez, Angelica Kathleen Martinez, Jagger Lee Martinez, Dalton Richard Martinez', null, 'Baseball Manager & Coach', null, null, 24, 'David Martinez is an American professional baseball coach and former outfielder who is the manager for the Washington Nationals of Major League Baseball. He previously served as the bench coach for the Tampa Bay Rays and Chicago Cubs.'),
('José Alberto Pujols Alcántara', 7, null, 'https://tsnimages.tsn.ca/ImageProvider/PlayerHeadshot?seoId=albert-pujols&width=620&height=620', 'January 16, 1980', 'Santo Domingo', null, 'Dominican Republic', 42, '6`3, (cm)', ', (kg)', 'St. Louis Cardinals', '2.5 million USD (2022)', 5, null, 'Deidre Pujols (m. 2000)', 'Bienvenido Pujols', 'Ezra Pujols, Sophia Pujols, Isabella Pujols, Esther Grace Pujols, Albert Pujols, Jr.', null, 'First Baseman, Leftfielder and Third Baseman', 'Right', 'Right', 25, 'José Alberto Pujols Alcántara is a Dominican-American professional baseball first baseman and designated hitter for the St. Louis Cardinals of Major League Baseball.'),
('Nolan James Arenado', 7 , null, '	https://secure.milb.com/images/571448/generic/180x270/571448.jpg', 'April 16, 1991', 'Newport Beach', 'CA', 'USA', 31, '6`2, (cm)', ', (kg)','St. Louis Cardinals', '5 million USD (2016)', 28, 'El Toro High School', null, 'Fernando Arenado, Millie Arenado', null, null, 'Third baseman', 'Right', 'Right', 26, 'Nolan James Arenado is an American professional baseball third baseman for the St. Louis Cardinals of Major League Baseball. He made his MLB debut with the Colorado Rockies in 2013.'),
('Yadier Benjamín Molina', 7, 'Yadi', 'https://b.fssta.com/uploads/application/mlb/headshots/3585.vresize.350.350.medium.48.png', 'July 13, 1982', 'Bayamón', null, 'Puerto Rico', 39, '5`11, (180cm)', '225 lbs, (102kg)', 'St. Louis Cardinals', '9 million USD (2021)', 4, null, 'Wanda Torres (m. 2007)', null, 'Adrianna Molina, Yanuell Benjamin Molina', 'Bengie Molina, José Molina', 'Catcher', 'Right', 'Right', 27, 'Yadier Benjamín Molina, nicknamed "Yadi", is a Puerto Rican professional baseball catcher for the St. Louis Cardinals of Major League Baseball, with whom he has played his entire 18-year MLB career.'),
('Oliver J. Marmol', 7, null, 'https://redbirdrants.com/wp-content/uploads/getty-images/2018/08/921509704.jpeg', 'July 2, 1986', 'Orlando', 'FL', 'USA', 35, null, null, 'St. Louis Cardinals', null, null, 'Dr. Phillips High School', null, null, null, null, 'Manager', null, null, 28, 'Oliver J. Marmol is an American professional baseball manager and former player. As of 2021, he is the manager of the St. Louis Cardinals and, at 35, the youngest manager of a Major League Baseball team.'),
('Rougned Roberto Odor', 8, 'Rougie', 'https://a.espncdn.com/combiner/i?img=/i/headshots/mlb/players/full/32170.png&w=350&h=254', 'February 3, 1994', 'Maracaibo', null, 'Venezuela', 28, '5`11, (180cm)', '200 lbs, (90kg)', 'Baltimore Orioles','522,700 USD (2016)', 12, null, null, 'Carolina Zambrano, Rougned José Odor', null, 'Rougned Jose Odor', 'Second Baseman', 'Left', 'Right', 29, 'Rougned Roberto Odor, nicknamed "Rougie", is a Venezuelan professional baseball second baseman for the Baltimore Orioles of Major League Baseball. He previously played in MLB for the Texas Rangers and New York Yankees.'),
('Boyce Cedric Mullins II', 8, null, 'https://a.espncdn.com/combiner/i?img=/i/headshots/mlb/players/full/35578.png','October 1, 1994', 'Greensboro', 'NC', 'USA', 27, '5`8, (173cm)', '175 lbs, (79kg)', 'Baltimore Orioles', null, 31, 'Brookwood High School', null, null, null, null, 'Center fielder', 'Left', 'Left', 30, 'Boyce Cedric Mullins II is an American professional baseball outfielder for the Baltimore Orioles of Major League Baseball. He made his MLB debut in 2018.'),
('Joseph Anthony "Trey" Mancini III', 8, null, 'https://i.pinimg.com/236x/0b/54/54/0b54544e0417dada2270bdaa44d37764.jpg', 'March 18, 1992', 'Winter Haven', 'FL', 'USA', 30, '6`3, (190cm)', '230 lbs, (104kg)', 'Baltimore Orioles', null, 16, 'Winter Haven High School, University of Notre Dame', null, 'Tony Mancini, Beth Mancini', null, null, 'Outfielder and First Baseman', 'Right', 'Right', 31, 'Joseph Anthony "Trey" Mancini III is an American professional baseball first baseman and outfielder for the Baltimore Orioles of Major League Baseball. He made his MLB debut in 2016.'),
('Brandon Michael Hyde', 8, null, 'https://img.playerswiki.com/uploads/biography/2019/08/22/brandon-hyde.jpg', 'October 3, 1973', 'Santa Rosa', 'CA', 'USA', 48, null, null, 'Baltimore Orioles', null, null, 'California State University Long Beach, Santa Rosa Junior College, Montgomery High School', 'Lisa Hyde', null, 'Colton Hyde', null, 'Baseball Manager, since 2018', null, null, 32, 'Brandon Michael Hyde is an American professional baseball manager for the Baltimore Orioles of Major League Baseball. Hyde had previously served as the bench coach, director of player development, and first base coach for the Chicago Cubs, and as a bench coach and interim manager for the Florida Marlins.'),
('Wander Samuel Franco Sr.', 9, 'El Patron', 'https://a.espncdn.com/combiner/i?img=/i/headshots/mlb/players/full/40929.png', 'March 1, 2001', 'Baní',null, 'Dominican Republic', 21, '5`10, (178cm)', '189 lbs, (85kg)', 'Tampa Bay Rays', null, 5, null, null, 'Nancy Aybar, Wander Franco', null, null, 'Shortstop and Third Baseman', 'Both hands', 'Right', 33, 'Wander Samuel Franco Sr., nicknamed "El Patron", is a Dominican professional baseball shortstop for the Tampa Bay Rays of Major League Baseball. He made his MLB debut in 2021.'),
('Brett Maverick Phillips', 9, null, 'https://a.espncdn.com/combiner/i?img=/i/headshots/mlb/players/full/33822.png&w=350&h=254', 'May 30, 1994', 'Seminole','FL', 'USA', 27, '6`0, (183cm)', '195 lbs, (88kg)', 'Tampa Bay Rays', '545,000 USD (2018)', 35, 'Seminole High School', null, 'Brett James Phillips, Jody Phillips-Foushee', null, null, 'Outflieder and Centerfielder', 'left', null, 34, 'Brett Maverick Phillips is an American professional baseball outfielder for the Tampa Bay Rays of Major League Baseball. He previously played in MLB for the Milwaukee Brewers and Kansas City Royals.'),
('Kevin James Kiermaier', 9, null, 'https://b.fssta.com/uploads/application/mlb/headshots/5587.png', 'April 22, 1990', 'Fort Wayne', 'IN', 'USA', 32, '6`1, (185cm)', ',(kg)', 'Tampa Bay Rays', '514,400 USD (2016)', 39, 'Parkland College, Bishop Luers High School', null, 'Chris Kiermaier, Jim Kiermaier', null, 'Dan Kiermaier, Steve Kiermaier', 'Centerfielder', 'Left', 'Right', 35, 'Kevin James Kiermaier is an American professional baseball center fielder for the Tampa Bay Rays of Major League Baseball. Kiermaier was part of amateur championship teams at both the high school and college levels'),
('Kevin Forrest Cash', 9, null, 'https://larrybrownsports.com/wp-content/uploads/2020/10/kevin-cash.jpg', 'December 6, 1977', 'Tampa', 'FL', 'USA', 44, '6`0, (183cm)', '200 lbs, (90kg)', 'Tampa Bay Rays', null, null, 'Florida State University, Gaither High School', 'Emily Cash', 'Mike Cash, Patsy Cash', 'Jacob David Cash, Camden Cash, Ella Cash', null, 'Team Manager', null, null, 36, 'Kevin Forrest Cash is an American professional baseball manager and former player who is the manager of the Tampa Bay Rays of Major League Baseball. Previously, Cash played catcher in MLB for the Toronto Blue Jays, Tampa Bay Devil Rays, Boston Red Sox, New York Yankees, and Houston Astros.'),
('Timothy Devon Anderson Jr', 10, null, 'https://b.fssta.com/uploads/application/mlb/headshots/7049.png', 'June 23, 1993', 'Tuscaloosa', 'AL', 'USA', 28, '6`1, (185cm)', '185 lbs, (184kg)', 'Chicago White Sox', '507,500 USD (2016)', 7, 'East Central Community College, Hillcrest High School', 'Bria Anderson (m. 2017)', null, null, null, 'Shortstop', null, null, 37, 'Timothy Devon Anderson Jr. is an American professional baseball shortstop for the Chicago White Sox of Major League Baseball. Anderson played college baseball at East Central Community College, and was selected in the first round of the 2013 MLB draft by the White Sox. He made his MLB debut in 2016.'),
('Allen Lorenz "A. J." Pollock', 10, null, 'https://b.fssta.com/uploads/application/mlb/headshots/5230.png', 'December 5, 1987', 'Hebron', 'CT', 'USA', 34, '6`1, (185cm)', '210 lbs, (95kg)', 'Chicago White Sox', '10 million USD (2022)', 18, 'University of Notre Dame, Rham High School', 'Kate Newall (m. 2014)', null, 'Maddi Mae Pollock', null, 'Centerfielder', 'Right', 'Right', 38, 'Allen Lorenz "A. J." Pollock is an American professional baseball outfielder for the Chicago White Sox of Major League Baseball. He has previously played in MLB for the Arizona Diamondbacks and Los Angeles Dodgers. He played college baseball for the Notre Dame Fighting Irish.'),
('Luis Robert Moirán', 10, null, 'https://a.espncdn.com/combiner/i?img=/i/headshots/mlb/players/full/39631.png', 'August 3, 1997', null, 'Guantanamo', 'Cuba', 24, '6`3, (192cm)', '220 lbs, (99kg)', 'Chicago White Sox', null, 88, null, null, 'Miguelina Moirán Centeno, Luis Robert Robles', null, null, 'Centerfielder', 'Right', 'Right', 39, 'Luis Robert Moirán is a Cuban professional baseball outfielder for the Chicago White Sox of Major League Baseball. He made his MLB debut in 2020.'),
('Joseph William Kelly Jr.', 10, null, 'https://a.espncdn.com/combiner/i?img=/i/headshots/mlb/players/full/31992.png&w=350&h=254', 'June 9, 1988', 'Anaheim', 'CA', 'USA', 33, '6`1, (185cm)', '174 lbs, (78kg)', 'Chicago White Sox', null, 17, 'Corona High School, University of California, Riverside', 'Ashley Parks (m. 2013)', 'Andrea Valencia, Joe Kelly Sr.', null, null, 'Pitcher and Leftfielder', 'Right', 'Right', 40, 'Joseph William Kelly Jr. is an American professional baseball pitcher for the Chicago White Sox of Major League Baseball. He has previously played in MLB for the St. Louis Cardinals, Boston Red Sox and Los Angeles Dodgers. He played college baseball for the UC Riverside Highlanders.'),
('Anthony La Russa Jr.', 10, 'Tony La Russa', 'https://pressboxonline.com/wp-content/uploads/2021/05/mlb21_tony-larussa-800x445.jpg', 'October 4, 1944', 'Tampa', 'FL', 'USA', 77, null, null, 'Chicago White Sox', null, null, 'Florida State University: College of Law 1978, University of South Florida', 'Elaine Coker (m. 1973), Luzette Sarcone (m. 1965-1973)', null, 'Bianca La Russa, Devon La Russa, Andrea La Russa, Averie La Russa', null, 'Team Manager', null, null, 41, 'Anthony La Russa Jr. is an American professional baseball coach and former player who is the manager for the Chicago White Sox of Major League Baseball. His MLB career has spanned from 1963 to the present, in several roles. He is the former manager of the St. Louis Cardinals and Oakland Athletics.'), 
('José Enrique Ramírez', 11, null, 'https://a.espncdn.com/combiner/i?img=/i/headshots/mlb/players/full/32801.png&w=350&h=254', 'September 17, 1992', null, 'Baní', 'Dominican Republic', 29, '5`9, (179cm)', '190 lbs, (86kg)', 'Cleveland Guardians', '12 million USD (2022)', 11, null, null, null, null, null, 'Third Baseman, Second Baseman and Shortstop', 'Both', 'Both', 42, 'José Enrique Ramírez is a Dominican professional baseball third baseman for the Cleveland Guardians of Major League Baseball. He signed with the Indians as an amateur free agent on November 26, 2009, and made his MLB debut on September 1, 2013.'),

('Steven Kwan', 11, null, 'https://a.espncdn.com/combiner/i?img=/i/headshots/mlb/players/full/41996.png&w=350&h=254', 'September 5, 1997', 'Los Gatos', 'CA', 'USA', 24, '5`9, (179cm)', '170 lbs, (77kg)', 'Cleveland Guardians', null, null, null, null, null, null, null, 'Leftfielder', 'Left', 'Left', 43, 'Steven Kwan is an American professional baseball outfielder for the Cleveland Guardians of Major League Baseball. He made his MLB debut in 2022.'),
('Joshua-Douglas James Naylor', 11, null, 'https://a.espncdn.com/combiner/i?img=/i/headshots/mlb/players/full/35066.png&w=350&h=254', 'June 22, 1997', 'Mississauga','ON', 'Canada', 24, '5`11, (155cm)', '250 lbs, (113kg)', 'Cleveland Guardians', null, null, null, null, 'Chris Naylor, Jenice Naylor', null, 'Noah Naylor, Miles Naylor', 'Outfielder and First Baseman', 'Left', 'Left', 44, 'Joshua-Douglas James Naylor is a Canadian professional baseball first baseman and outfielder for the Cleveland Guardians of Major League Baseball. He previously played for the San Diego Padres. Naylor was the 12th overall selection in the 2015 MLB draft, and he made his MLB debut for the Padres in 2019.'),
('Shane Robert Bieber', 11, null, 'https://a.espncdn.com/combiner/i?img=/i/headshots/mlb/players/full/40912.png&w=350&h=254', 'May 31, 1995', 'Orange', 'CA', 'USA', 26, '6`3, (192cm)', '200 lbs, (90kg)', 'Cleveland Guardians', null, 57, 'Laguna Hills High School, University of California, Santa Barbara', null, 'Chris Bieber, Kristine Bieber', null, null, 'Pitcher', 'Right', 'Right', 45, 'Shane Robert Bieber is an American professional baseball pitcher for the Cleveland Guardians of Major League Baseball. He was drafted by the Indians in the fourth round of the 2016 Major League Baseball draft.'),
('Terrence Jon Francona', 11, 'Tito', 'https://media.lehighvalleylive.com/sports_impact/photo/terry-francona-59e7fe21a9521ee3.jpg', 'April 22, 1959', 'Aberdeen', 'SD', 'USA', 63, null, null, 'Cleveland Guardians', null, null, null, 'Jacque Lang (m. 1982)', 'Tito Francona, Roberta Jackson', 'Alyssa Francona, Nicholas Francona, Jamie Francona, Leah Francona', null, 'Team Manager', null, null, 46, 'Terrence Jon Francona, nicknamed "Tito", is an American baseball manager and former player who is the manager of the Cleveland Guardians in Major League Baseball.');




INSERT INTO players_stats (players_id, game, game_date, ab, r, h, rb, bb, so, hr, sb, average ) VALUES 
(1, 'vs Orioles', 'May 24', 5, 0, 0, 0, 0, 2, 0, 0, 0.314),
(1, 'vs Orioles', 'May 23', 3, 2, 2, 3, 1, 1, 2, 0, 0.325),
(1, 'vs White Sox', 'May 22', 4, 0, 1, 0, 0, 2, 0, 0, 0.318),
(1, 'vs White Sox', 'May 22', 4, 1, 3, 1, 0, 1, 1, 0, 0.319),
(1, 'vs White Sox', 'May 21', 3, 0, 1, 0, 1, 0, 0, 0, 0.307),
(1, '@ Orioles', 'May 19', 3, 2, 1, 0, 2, 1, 0, 0, 0.307),
(1, '@ Orioles', 'May 18', 4, 0, 0, 0, 0, 1, 0, 0, 0.306),
(1, '@ Orioles', 'May 17', 5, 2, 4, 3, 0, 0, 2, 0, 0.315),
(1, '@ White Sox', 'May 15', 4, 0, 0, 0, 0, 1, 0, 0, 0.296),
(1, '@ White Sox', 'May 14', 3, 1, 1, 0, 1, 1, 0, 0, 0.306),
(1, 'Regular', 'Season', 156, 35, 49, 34, 19, 47, 17, 2, 0.314),
(2, 'vs White Sox', 'May 22', 4, 0, 0, 0, 0, 0, 0, 0, 0.238),
(2, 'vs White Sox', 'May 21', 3, 1, 0, 1, 1, 1, 0, 0, 0.246),
(2, '@ Orioles', 'May 19', 1, 0, 0, 0, 0, 1, 0, 0, 0.252),
(2, '@ Orioles', 'May 18', 4, 1, 2, 0, 0, 0, 0, 0, 0.254),
(2, '@ Orioles', 'May 17', 4, 1, 1, 0, 1, 0, 0, 0, 0.246),
(2, '@ Orioles', 'May 16', 4, 1, 3, 1, 1, 0, 1, 0, 0.246),
(2, '@ White Sox', 'May 15', 3, 1, 0, 0, 1, 1, 0, 0, 0.227),
(2, '@ White Sox', 'May 14', 4, 0, 1, 0, 0, 2, 0, 0, 0.234),
(2, '@ White Sox', 'May 13', 5, 1, 2, 3, 0, 0, 1, 0, 0.233),
(2, '@ White Sox', 'May 12', 5, 1, 2, 3, 0, 2, 1, 0, 0.224),
(2, 'Regular', 'Season', 130, 17, 31, 15, 20, 36, 5, 0, 0.238),
(5, 'vs Cardinals', 'May 18', 5.2, 7, 2, 1, 0, 0, 4, 0, 2.54),
(5, 'vs Mariners', 'May 13', 7.0, 3, 1, 1, 0, 2, 6, 0, 2.66),
(5, '@ Phillies', 'May 8', 6.0, 10, 3, 3, 1, 0, 7, 0, 2.92),
(5, 'vs Phillies', 'May 1', 6.0, 5, 4, 4, 3, 1, 9, 0, 2.61),
(5, '@ Cardinals', 'Apr 25', 7.0, 2, 0, 0, 0, 1, 10, 0, 1.80),
(5, 'vs Giants', 'Apr 19', 7.0, 1, 1, 1, 0, 3, 10, 0, 2.50),
(5, '@ Phillies', 'Apr 13', 5.0, 5, 1, 1, 0, 3, 7, 0, 3.27),
(5, '@ Nationals', 'Apr 8', 6.0, 3, 3, 3, 1, 1, 6, 0, 4.50),
(5, 'Regular', 'Season', 49.2, 36, 15, 14, 5, 11, 59, 0, 2.54),
(9, '@ White Sox', 'May 26', 4, 2, 2, 4, 1, 2, 1, 1, 0.232),
(9, '@ White Sox', 'May 25', 4, 0, 0, 0, 0, 2, 0, 0, 0.224),
(9, '@ White Sox', 'May 24', 6, 2, 2, 4, 0, 4, 1, 0, 0.231),
(9, 'vs Mariners', 'May 22', 4, 1, 1, 1, 1, 1, 1, 0, 0.226),
(9, 'vs Mariners', 'May 21', 3, 0, 0, 1, 0, 0, 0, 0, 0.226),
(9, 'vs Mariners', 'May 20', 4, 1, 1, 4, 0, 1, 1, 0, 0.231),
(9, 'vs Mariners', 'May 19', 4, 5, 4, 7, 1, 0, 3, 1, 0.230),
(9, 'vs Astros', 'May 18', 3, 1, 0, 0, 1, 2, 0, 0, 0.205),
(9, 'vs Astros', 'May 17', 4, 1, 2, 0, 1, 0, 0, 0, 0.210),
(9, 'vs Astros', 'May 16', 3, 1, 1, 1, 1, 0, 1, 1, 0.200),
(9, 'Regular', 'Season', 151, 25, 35, 37, 17, 53, 9, 6, 0.232),
(10, 'vs Orioles', 'May 28', 1, 0, 0, 0, 0, 0, 0, 0, 0.199),
(10, 'vs Orioles', 'May 28', 5, 0, 1, 2, 0, 0, 0, 0, 0.200),
(10, 'vs Orioles', 'May 27', 5, 1, 1, 0, 1, 0, 0, 0, 0.200),
(10, '@ White Sox', 'May 26', 6, 1, 1, 1, 0, 1, 1, 0, 0.200),
(10, '@ White Sox', 'May 25', 4, 0, 1, 0, 1, 1, 0, 0, 0.201),
(10, '@ White Sox', 'May 24', 6, 2, 2, 2, 0, 1, 1, 0, 0.200),
(10, 'vs Mariners', 'May 22', 5, 1, 2, 1, 0, 0, 0, 0, 0.195),
(10, 'vs Mariners', 'May 21', 5, 1, 1, 0, 0, 0, 0, 0, 0.188),
(10, 'vs Mariners', 'May 20', 3, 1, 2, 0, 1, 1, 0, 0, 0.188),
(10, 'vs Mariners', 'May 19', 4, 0, 0, 0, 1, 0, 0, 0, 0.177),
(10, 'Regular', 'Season', 180, 25, 36, 22, 16, 32, 3, 0, 0.200),
(11, 'vs Orioles', 'May 28', 4, 0, 1, 0, 0, 1, 0, 0, 0.221),
(11, 'vs Orioles', 'May 28', 4, 1, 1, 1, 0, 0, 0, 0, 0.221),
(11, 'vs Orioles', 'May 27', 5, 0, 2, 0, 0, 0, 0, 0, 0.220),
(11, '@ White Sox', 'May 26', 1, 0, 0, 0, 0, 0, 0, 0, 0.213),
(11, '@ White Sox', 'May 25', 4, 0, 1, 0, 0, 1, 0, 0, 0.214),
(11, '@ White Sox', 'May 24', 4, 1, 2, 1, 1, 0, 0, 0, 0.213),
(11, 'vs Mariners', 'May 22', 4, 0, 2, 0, 0, 1, 0, 0, 0.203),
(11, 'vs Mariners', 'May 21', 4, 0, 0, 0, 0, 1, 0, 0, 0.193),
(11, 'vs Mariners', 'May 20', 1, 1, 1, 3, 0, 0, 1, 0, 0.200),
(11, 'vs Mariners', 'May 19', 3, 0, 1, 2, 1, 0, 0, 0, 0.193),
(11, 'Season', 'Regular', 136, 8, 30, 16, 11, 3, 1, 1, 0.221),
(13, '@ Diamondbacks', 'May 28', 2, 1, 0, 0, 2, 2, 0, 0, 0.307),
(13, '@ Diamondbacks', 'May 27', 4, 0, 1, 0, 0, 0, 0, 1, 0.310),
(13, '@ Diamondbacks', 'May 26', 5, 3, 4, 5, 0, 0, 1, 0, 0.312),
(13, '@ Nationals', 'May 25', 3, 0, 0, 0, 1, 1, 0, 0, 0.297),
(13, '@ Nationals', 'May 24', 4, 2, 0, 0, 1, 0, 0, 0, 0.302),
(13, '@ Nationals', 'May 23', 5, 2, 3, 2, 0, 0, 0, 0, 0.310),
(13, '@ Phillies', 'May 22', 5, 0, 0, 0, 0, 0, 0, 0, 0.301),
(13, '@ Phillies', 'May 21', 5, 0, 0, 0, 0, 1, 0, 0, 0.311),
(13, '@ Phillies', 'May 20', 5, 2, 3, 2, 0, 0, 0, 1, 0.322),
(13, 'vs Diamondbacks', 'May 18', 4, 0, 1, 1, 0, 1, 0, 0, 0.312),
(13, 'Season', 'Regular', 174, 32, 54, 28, 24, 24, 4, 4, 0.310);



INSERT INTO careers_stats (players_id, game_year, team, career_gp, career_ab, career_r, career_h, career_rbi, career_bb, career_so, career_hr, career_average) VALUES 
(1, 2022, 'Yankees', 41, 156, 35, 49, 34, 19, 47, 17, 0.314),
(1, 2021, 'Yankees', 148, 550, 89, 158, 98, 75, 158, 39, 0.287),
(1, 2020, 'Yankees', 28, 101, 23, 26, 22, 10, 32, 9, 0.257),
(1, 2019, 'Yankees', 102, 378, 75, 103, 55, 64, 141, 27, 0.272),
(1, 2018, 'Yankees', 112, 413, 77, 115, 67, 76, 152, 27, 0.278),
(1, 2017, 'Yankees', 155, 542, 128, 154, 114, 127, 208, 52, 0.284),
(1, 2016, 'Yankees', 27, 84, 10, 15, 10, 9, 42, 4, 0.179),
(1, null, 'Career',  613, 2224, 437, 620, 400, 380, 780, 175, 0.279),
(2, 2022, 'Yankees', 37, 130, 17, 31, 15, 20, 36, 5, 0.238),
(2, 2021, 'Twins', 135, 457, 73, 113, 72, 74, 114, 26, 0.247),
(2, 2020, 'Twins', 28, 81, 14, 18, 11, 18, 24, 6, 0.222),
(2, 2019, 'Braves', 155, 549, 96, 142, 94, 100, 155, 37, 0.259),
(2, 2018, 'Guardians', 16, 50, 8, 14, 7, 10, 10, 3, 0.280),
(2, 2018, 'Blue Jays', 36, 137, 22, 32, 16, 21, 44, 5, 0.234),
(2, 2017, 'Blue Jays', 113, 415, 65, 112, 78, 76, 111, 33, 0.270),
(2, 2016, 'Blue Jays', 155, 577, 122, 164, 99, 109, 119, 37, 0.284),
(2, 2015, 'Blue Jays', 158, 620, 122, 184, 123, 73, 133, 41, 0.297),
(2, 2014, 'Athletics', 158, 608, 93, 155, 98, 76, 130, 29, 0.255),
(2, 2013, 'Athletics', 158, 579, 89, 174, 93, 76, 110, 24, 0.301),
(2, 2012, 'Athletics', 75, 274, 34, 66, 33, 14, 61, 9, 0.241),
(2, 2010, 'Athletics', 14, 32, 1, 5, 4, 2, 12, 1, 0.156),
(2, null, 'Career', 1238, 4509, 756, 1210, 743, 669, 1059, 256, 0.268),
(4, 2009, 'Astros', 10, 13, 0, 0, 0, 0, 2, 0, 0),
(4, 2008, 'Nationals', 104, 232, 23, 56, 28, 18, 52, 6, 0),
(4, 2007, 'Marlins', 69, 189, 27, 54, 28, 21, 41, 5, 2),
(4, 2006, 'Guardians', 104, 354, 50, 89, 46, 27, 62, 7, 5),
(4, 2005, 'Guardians', 143, 511, 61, 124, 60, 35, 92, 16, 9),
(4, 2003, 'Reds', 106, 403, 61, 110, 65, 35, 74, 18, 15),
(4, 2003, 'Yankees', 54, 189, 31, 48, 31, 11, 30, 6, 8),
(4, 2002, 'Reds', 162, 606, 83, 146, 87, 56, 111, 26, 32),
(4, 2001, 'Reds', 103, 381, 54, 112, 62, 29, 71, 14, 6),
(4, 2000, 'Reds', 84, 291, 44, 83, 43, 24, 52, 12, 6),
(4, 1999, 'Reds', 139, 472, 56, 132, 72, 30, 79, 14, 17),
(4, 1998, 'Reds', 58, 181, 24, 51, 28, 15, 36, 2, 6),
(4, 1997, 'Reds', 16, 49, 5, 12, 5, 2, 5, 0, 1),
(4, null, 'Career', 1152, 3871, 519, 1017, 555, 303, 707, 126, 107), 
(9, 2022, 'Red Sox', 39, 151, 25, 35, 37, 17, 53, 9, 0.232),
(9, 2021, 'Rockies', 142, 526, 88, 132, 75, 53, 139, 24, 0.251),
(9, 2020, 'Rockies', 59, 235, 41, 68, 28, 24, 63, 11, 0.289),
(9, 2019, 'Rockies', 145, 588, 111, 173, 85, 58, 174, 35, 0.294),
(9, 2018, 'Rockies', 157, 598, 88, 174, 108, 47, 168, 37, 0.291),
(9, 2017, 'Rockies', 145, 503, 68, 120, 82, 49, 191, 24, 0.239),
(9, 2016, 'Rockies', 97, 372, 67, 101, 72, 35, 130, 27, 0.272),
(9, null, 'Career', 784, 2973, 488, 803, 487, 283, 918, 167, 0.270),
(10, 2022, 'Red Sox', 43, 180, 25, 36, 22, 16, 32, 3, 0.200),
(10, 2021, 'Red Sox', 134, 508, 84, 127, 60, 61, 110, 20, 0.250),
(10, 2020, 'Dodgers', 48, 139, 20, 32, 20, 6, 31, 5, 0.230),
(10, 2019, 'Dodgers', 130, 414, 57, 98, 64, 36, 97, 17, 0.237),
(10, 2018, 'Dodgers', 145, 402, 67, 103, 52, 50, 78, 21, 0.256),
(10, 2017, 'Dodgers', 140, 297, 46, 64, 37, 41, 80, 11, 0.215),
(10, 2016, 'Dodgers', 109, 216, 25, 41, 18, 28, 64, 7, 0.190),
(10, 2015, 'Dodgers', 76, 202, 24, 62, 22, 11, 46, 7, 0.307),
(10, 2014, 'Marlins', 18, 40, 3, 7, 6, 4, 10, 2, 0.175),
(10, 2014, 'Astros', 24, 81, 10, 23, 8, 8, 11, 1, 0.284),
(10, null, 'Career', 867, 2479, 361, 593, 309, 261, 559, 94, 0.239), 
(11, 2022, 'Red Sox', 43, 136, 8, 30, 16, 11, 31, 1, 0.221),
(11, 2021, 'Brewers', 134, 387, 39, 63, 29, 28, 132, 6, 0.163),
(11, 2020, 'Red Sox', 55, 191, 32, 54, 22, 23, 48, 7, 0.283),
(11, 2019, 'Red Sox', 147, 494, 69, 111, 62, 56, 155, 21, 0.225),
(11, 2018, 'Red Sox', 144, 474, 76, 111, 59, 46, 137, 13, 0.234),
(11, 2017, 'Red Sox', 133, 482, 58, 118, 63, 48, 124, 17, 0.245),
(11, 2016, 'Red Sox', 156, 558, 94, 149, 87, 63, 143, 26, 0.267),
(11, 2015, 'Red Sox', 74, 221, 43, 55, 43, 27, 69, 10, 0.249),
(11, 2014, 'Red Sox', 127, 384, 45, 76, 30, 31, 121, 1, 0.198),
(11, 2013, 'Red Sox', 37, 95, 18, 18, 10, 10, 31, 3, 0.189),
(11, null, 'Career', 1050, 3422, 482, 785, 421, 343, 991, 105, 0.229),
(12, 2011, 'Nationals', 91, 156, 12, 35, 6, 12, 23, 0, 2),
(12, 2010, 'Rangers', 4, 7, 0, 2, 0, 0, 0, 0, 0),
(12, 2010, 'Mets', 62, 169, 14, 35, 20, 10, 16, 0, 4),
(12, 2009, 'Mets', 82, 271, 31, 68, 18, 25, 28, 1, 8),
(12, 2008, 'Red Sox', 75, 152, 14, 41, 9, 16, 13, 0, 1),
(12, 2007, 'Red Sox', 83, 207, 30, 51, 18, 7, 23, 3, 1),
(12, 2006, 'Mets', 96, 235, 31, 56, 18, 19, 29, 1, 6),
(12, 2005, 'Guardians', 49, 146, 11, 30, 8, 5, 18, 1, 6),
(12, 2005, 'Red Sox', 47, 104, 14, 28, 16, 6, 12, 2, 1),
(12, 2004, 'Dodgers', 138, 405, 47, 107, 47, 47, 41, 10, 3),
(12, 2003, 'Dodgers', 148, 477, 39, 119, 34, 16, 59, 4, 4),
(12, 2002, 'Dodgers', 115, 258, 37, 75, 28, 26, 38, 5, 7),
(12, 2001, 'Dodgers', 134, 405, 38, 88, 29, 31, 58, 4, 0),
(12, 2000, 'Dodgers', 109, 353, 39, 84, 32, 26, 53, 4, 4),
(12, 1999, 'Dodgers', 11, 30, 2, 5, 3, 0, 4, 0, 0),
(12, 1998, 'Dodgers', 29, 33, 1, 4, 0, 2, 8, 0, 0),
(12, null, 'Career', 1273, 3408, 360, 828, 286, 248, 423, 35, 47),
(13, 2022, 'Dodgers', 45, 174, 32, 54, 28, 24, 24, 4, 0.310),
(13, 2021, 'Braves', 159, 600, 120, 180, 83, 85, 107, 31, 0.300),
(13, 2020, 'Braves', 60, 214, 51, 73, 53, 45, 37, 13, 0.341),
(13, 2019, 'Braves', 158, 597, 113, 176, 121, 87, 127, 38, 0.295),
(13, 2018, 'Braves', 162, 618, 94, 191, 98, 76, 132, 23, 0.309),
(13, 2017, 'Braves', 117, 440, 84, 135, 71, 65, 95, 28, 0.307),
(13, 2016, 'Braves', 158, 589, 102, 178, 91, 89, 171, 34, 0.302),
(13, 2015, 'Braves', 118, 416, 62, 115, 66, 56, 98, 18, 0.276),
(13, 2014, 'Braves', 162, 607, 93, 175, 78, 90, 145, 18, 0.288),
(13, 2013, 'Braves', 147, 551, 89, 176, 109, 66, 121, 23, 0.319),
(13, 2012, 'Braves', 147, 540, 91, 140, 94, 64, 129, 23, 0.259),
(13, 2011, 'Braves', 157, 571, 67, 161, 76, 53, 142, 21, 0.282),
(13, 2010, 'Braves', 20, 24, 3, 4, 1, 0, 8, 1, 0.167),
(13, null, 'Career', 1610, 5941, 1001, 1758, 969, 800, 1336, 275, 0.296);


INSERT INTO pitcher_stats ( players_id, game, game_date, ip, h, r, er, hr, bb, so, sv, era ) VALUES 
(3, 'vs White Sox', 'May 22', 0.1, 2, 2, 2, 1, 1, 0, 9, 3.86),
(3, '@ Orioles', 'May 17', 1.0, 3, 1, 1, 0, 0, 1, 9, 2.63), 
(3, '@ Orioles', 'May 16', 1.0, 1, 1, 1, 1, 0, 2, 8, 2.13), 
(3, '@ White Sox', 'May 14', 0.1, 2, 1, 1, 0, 1, 0, 8, 1.54),
(3, 'vs Blue Jays', 'May 11', 1.0, 1, 1, 1, 0, 1, 1, 8, 0.79),
(3, 'vs Rangers', 'May 9', 1.0, 1, 0, 0, 0, 0, 0, 7, 0.00),
(3, '@ Royals', 'May 1', 1.0, 1, 0, 0, 0, 1, 0, 6, 0.00),
(3, '@ Royals', 'Apr 30', 1.0, 0, 0, 0, 0, 0, 0, 5, 0.00),
(3, 'vs Orioles', 'Apr 26', 1.0, 0, 0, 0, 0, 2, 2, 4, 0.00),
(3, 'vs Guardians', 'Apr 22', 1.0, 1, 0, 0, 0, 0, 2, 4, 0.00),
(3, 'total', 'Season', 14.0, 13, 6, 6, 2, 10, 15, 9, 3.86),
(7, '@ Giants', 'May 24', 4.1, 8, 8, 8, 3, 3, 4, 0, 3.91),
(7, 'vs Cardinals', 'May 19', 6.1, 9, 4, 4, 2, 1, 3, 0, 2.77),
(7, 'vs Mariners', 'May 14', 5.2, 5, 1, 1, 0, 3, 8, 0, 2.34),
(7, '@ Phillies', 'May 8', 5.2, 5, 1, 1, 1, 1, 4, 0, 2.45),
(7, 'vs Braves', 'May 2', 7.0, 6, 3, 3, 1, 1, 8, 0, 2.61),
(7, '@ Cardinals', 'Apr 26', 6.0, 2, 0, 0, 0, 3, 6, 0, 2.25),
(7, 'vs Giants', 'Apr 20', 6.0, 8, 5, 5, 1, 1, 6, 0, 3.00),
(7, 'vs Diamondbacks', 'Apr 15', 6.0, 2, 1, 1, 1, 2, 6, 0, 0.75),
(7, '@ Nationals', 'Apr 9', 6.0, 3, 0, 0, 0, 1, 8, 0, 0.00),
(7, 'total', 'Season', 53.0, 48, 23, 23, 9, 16, 53, 0, 3.91); 

-- (),(),(),(),(),(),(),;

-- ();
INSERT INTO careerpitcher_stats ( pitcher_id, game_year, team, career_gp, career_cg, career_er, career_so, career_w, career_l, career_sv, career_whip, career_era ) VALUES 
(3, 2022, 'Yankees', 17, 0, 6, 15, 0, 2, 9, 1.64, 3.86),
(3, 2021, 'Yankees', 61, 0, 21, 97, 6, 4, 30, 1.31, 3.36),
(3, 2020, 'Yankees', 13, 0, 4, 22, 1, 1, 3, 0.86, 3.09),
(3, 2019, 'Yankees', 60, 0, 14, 85, 3, 2, 37, 1.11, 2.21),
(3, 2018, 'Yankees', 55, 0, 14, 93, 3, 0, 32, 1.05, 2.45), 
(3, 2017, 'Yankees', 52, 0, 18, 69, 4, 3, 22, 1.13, 3.22),
(3, 2016, 'Yankees', 31, 0, 7, 44, 3, 0, 20, 0.89, 2.01), 
(3, 2016, 'Cubs', 28, 0, 3, 46, 1, 1, 16, 0.83, 1.01),
(3, 2015, 'Reds', 65, 0, 12, 116, 4, 4, 33, 1.15, 1.63),
(3, 2014, 'Reds', 54, 0, 12, 106, 0, 3, 36, 0.83, 2.00),
(3, 2013, 'Reds', 68, 0, 18, 112, 4, 5, 38, 1.04, 2.54),
(3, 2012, 'Reds', 68, 0, 12, 122, 5, 5, 38, 0.81, 1.51),
(3, 2011, 'Reds', 54, 0, 20, 71, 4, 1, 1, 1.30, 3.60),
(3, 2010, 'Reds', 15, 0, 3, 19, 2, 2, 0, 1.05, 2.03),
(3, null, 'Career', 641, 0, 164, 1017, 40, 33, 315, 1.06, 2.39),
(6, 2021, 'Mets', 15, 1, 11, 146, 7, 2, 0, 0.55, 1.08),
(6, 2020, 'Mets', 12, 0, 18, 104, 4, 2, 0, 0.96, 2.38),
(6, 2019, 'Mets', 32, 0, 55, 255, 11, 8, 0, 0.97, 2.43),
(6, 2018, 'Mets', 32, 1, 41, 269, 10, 9, 0, 0.91, 1.70),
(6, 2017, 'Mets', 31, 1, 79, 239, 15, 10, 0, 1.93, 3.53),
(6, 2016, 'Mets', 24, 1, 50, 143, 7, 8, 0, 1.20, 3.04),
(6, 2015, 'Mets', 30, 0, 54, 205, 14, 8, 0, 0.98, 2.54),
(6, 2014, 'Mets', 22, 0, 42, 144, 9, 6, 0, 1.14, 2.69),
(6, null, 'Career', 198, 4, 350, 1505, 77, 53, 0, 1.01, 2.50),
(7, 2022, 'Mets', 9, 0, 23, 53, 4, 2, 0, 1.21, 3.91),
(7, 2021, 'Athletics', 27, 1, 55, 159, 12, 4, 0, 1.06, 3.15),
(7, 2020, 'Athletics', 11, 0, 16, 55, 5, 2, 0, 1.16, 2.29),
(7, 2019, 'Athletics', 28, 0, 61, 141, 10, 5, 0, 1.19, 3.81),
(7, 2018, 'Athletics', 11, 0, 16, 41, 2, 3, 0, 1.24, 3.02),
(7, 2016, 'Athletics', 5, 0, 19, 23, 0, 2, 0, 1.75, 6.11),
(7, 2015, 'Athletics', 18, 0, 34, 64, 1, 8, 0, 1.26, 3.56),
(7, 2014, 'White Sox', 6, 0, 13, 21, 1, 1, 0, 1.58, 3.94),
(7, null, 'Career', 115, 1, 237, 557, 35, 27, 0, 1.21, 3.50),
(14, 2021, 'Dodgers', 17, 1, 31, 137, 8, 5, 0, 1.00, 2.59),
(14, 2020, 'Reds', 11, 2, 14, 100, 5, 4, 0, 0.79, 1.73),
(14, 2019, 'Reds', 10, 0, 40, 68, 2, 5, 0, 1.35, 6.39),
(14, 2019, 'Guardians', 24, 1, 66, 185, 9, 8, 0, 1.21, 3.79),
(14, 2018, 'Guardians', 28, 0, 43, 221, 12, 6, 1, 1.09, 2.21),
(14, 2017, 'Guardians', 32, 0, 82, 196, 17, 9, 0, 1.37, 4.19),
(14, 2016, 'Guardians', 35, 1, 90, 168, 12, 8, 0, 1.31, 4.26),
(14, 2015, 'Guardians', 31, 1, 89, 170, 11, 12, 0, 1.31, 4.55),
(14, 2014, 'Guardians', 26, 0, 71, 143, 5, 8, 0, 1.38, 4.18),
(14, 2013, 'Guardians', 4, 0, 10, 11, 1, 2, 0, 1.82, 5.29),
(14, 2012, 'Diamondbacks', 4, 0, 11, 17, 1, 2, 0, 1.65, 6.06),
(14, null, 'Career', 222, 6, 547, 1416, 83, 69, 1, 1.24, 3.79);

-- INSERT INTO group_mets ( name, nickname, imag, born, city, state, country, age, height, weight, currentTeam, salary, number, education, spouse, parents, children, siblings, position, bats, throws, stats, about ) VALUES 
-- ('Maxwell Martin Scherzer', 'Brown Eye', 'https://a.espncdn.com/combiner/i?img=/i/headshots/mlb/players/full/28976.png', 'July 27, 1984', 'Chesterfield', 'MO', 'USA', '37 years', '6`3, (cm)', ', (kg)', 'New York Mets', '15 million USD (2016)', 21, '`Parkway Central High School`, `University of Missouri`', 'Erica May-Scherzer (m. 2013)' , 'Brad Scherzer, Jan Scherzer', null, null, 'Pitcher', null, null, null, 'Maxwell Martin Scherzer is an American professional baseball pitcher for the New York Mets of Major League Baseball. He previously played in MLB for the Arizona Diamondbacks, Detroit Tigers, Washington Nationals and Los Angeles Dodgers.'),
-- ('Jacob Anthony deGrom', 'The deGrominator', 'https://www.statscrew.com/images/bio_photos/baseball/594798.jpg', 'June 19, 1988', 'DeLand', 'FL', 'USA', '33 years', '6`4, (193cm)', '185 lbs, (83kg)', 'New York Mets', '33.5 million USD (2022)', 48, 'Stetson University, Christian Academy', 'Stacey Harris (m. 2014)', null, null, null, 'Pitcher', 'Left', 'Right', null, 'Jacob Anthony deGrom, nicknamed `The deGrominator`, is an American professional baseball pitcher for the New York Mets of Major League Baseball. Prior to playing professionally, deGrom attended Stetson University and played college baseball for the Stetson Hatters.'),
-- ('Christopher M. Bassitt', 'C Bass', 'https://a.espncdn.com/combiner/i?img=/i/headshots/mlb/players/full/33148.png', 'February 22, 1989', 'Curtice', 'OH', 'USA', '33 years', null, null, 'New York Mets', '510,000 USD (2016)', null, 'Genoa Area High School', null, null, null, 'Matt Bassitt', 'Pitcher' , null, null, null, 'Christopher M. Bassitt is an American professional baseball pitcher for the New York Mets of Major League Baseball. He made his MLB debut with the Chicago White Sox in 2014 and played for the Oakland Athletics from 2015 to 2021.'),
-- ('William Nathaniel Showalter III', 'Buck', 'https://jewishvues.com/wp-content/uploads/2021/12/getting-to-know-SHOWALTER.jpg', 'May 23, 1956', 'DeFuniak Springs', 'FL', 'USA', '65 years', '5`10, (cm)', ', (kg)', 'New York Mets', null, null, null, 'Angela Showalter` (m. 1983)', 'William Nathaniel Showalter, Lina Carrie Showalter', 'Nathan Showalter, Allie Showalter', null, 'Team Coached', null, null, null, 'William Nathaniel `Buck` Showalter III is an American professional baseball manager for the New York Mets of Major League Baseball. Previously, he served as manager of the New York Yankees, Arizona Diamondbacks, Texas Rangers, and Baltimore Orioles.');

-- INSERT INTO group_boston_rs ( name, nickname, imag, born, city, state, country, age, height, weight, currentTeam, salary, number, education, spouse, parents, children, siblings, position, bats, throws, stats, about ) VALUES 
-- ('Trevor John Story', 'True', 'https://a.espncdn.com/combiner/i?img=/i/headshots/mlb/players/full/32150.png', 'November 15, 1992', 'Irving', 'TX', 'USA', '29 years', '6`2, (cm)', null, 'Boston Red Sox', '17.5 million USD (2021)', 10, 'Irving High School, Louisiana State University', null, 'Teddie Story, Ken Story', null, 'Tyler Story', 'Shotstop', null, null, null, 'Trevor John Story is an American professional baseball second baseman for the Boston Red Sox of Major League Baseball. He has previously played in MLB for the Colorado Rockies. He made his MLB debut in 2016.'),
-- ('Enrique Javier Hernández', 'Kike', 'https://images.fantasypros.com/images/players/mlb/5522/headshot/250x250.png', 'August 24, 1991', 'San Juan', null, 'Puerto Rico', '30 years', '5`11, (cm)', ', (kg)', 'Boston Red Sox', '520,000 USD (2016)', 5, null, 'Mariana Vicente (m. 2018)', 'Enrique Hernández Sr., Monica Gonzalez', null, null, 'Second Baseman', null, null, null, 'Enrique Javier `Kike` Hernández is a Puerto Rican professional baseball utility player for the Boston Red Sox of Major League Baseball. He previously played in MLB for the Houston Astros, Miami Marlins and Los Angeles Dodgers.'),
-- ('Jackie Bradley Jr.', 'JBJ', 'https://b.fssta.com/uploads/application/mlb/headshots/5360.png', 'April 19, 1990', 'Richmond', 'VA', 'USA', '32 years', '5`10, (cm)', '200 lbs, (kg)', 'Boston Red Sox', '6.1 million USD (2018)', 19, 'Prince George High School, University of South Carolina', 'Erin Helring (m. 2013)', 'Jackie Bradley, Sr, Alfreda Hagans', 'Emerson Bradley', null, 'Center Fielder', null, null, null, 'Jackie Bradley Jr., nicknamed `JBJ`, is an American professional baseball right fielder for the Boston Red Sox of Major League Baseball. He previously played for the Milwaukee Brewers. Listed at 5 feet 10 inches and 200 pounds, he bats left and throws right-handed.'),
-- ('Jose Alexander Cora', null, 'https://marriedbiography.com/wp-content/uploads/2020/02/Alex-Cora.jpg', 'October 18, 1975', 'Caguas', null, 'Puerto Rico', '46 years', null, null, 'Boston Red Sox', null, 20, null, 'Nilda Cora', null, 'Camila Cora, Jeriel Cora', 'Joey Cora', 'Team Coached / Infielder', null, null, null, 'Jose Alexander Cora is a Puerto Rican baseball manager and former infielder who is the manager of the Boston Red Sox in Major League Baseball. He previously played in MLB for 14 seasons with the Red Sox, Los Angeles Dodgers, Cleveland Indians, New York Mets, Texas Rangers, and Washington Nationals.');
                                                                                                                                                                                                             

-- INSERT INTO group_angels_d ( name, nickname, imag, born, city, state, country, age, height, weight, currentTeam, salary, number, education, spouse, parents, children, siblings, position, bats, throws, stats, about ) VALUES 
-- ();